Item,Price,Shipping,Additional Information
-----------------------------------------------,-------,-----------------,----------------------------------------------------------------
For ASUS ROG Zephyrus G503,555,Free shipping,
16-inch Intel Celeron N5095/ N5100,507,Free shipping,
AKPAD 14.1 inch RAM 8GB DDR4 ROM,250.5,Free shipping,
"14.1"" Office Study PC Laptops Windows 10",241.3,Free shipping,
"BRAND NEW Raider GE76 17.3""",462.5,Free shipping,
MSI Gaming Laptops MSI Raider 18â€“,4613.5,Free shipping,
15.6 inch Notebook 8 GB RAM 512 GB,343.2,,
Laptop Case For Macbook Air 13,111.3,"Free shipping, returns",Provides protection for MacBook Air
14.1 inch RAM 64GB DDR4,,,
